<?xml version="1.0" encoding="UTF-8"?>
<!DOCTYPE mapper PUBLIC "-//mybatis.org//DTD Mapper 3.0//EN" "http://mybatis.org/dtd/mybatis-3-mapper.dtd">
<mapper namespace="M_fengxianMapper">
	
	<!--表名 -->
	<sql id="tableName">
		M_FENGXIAN
	</sql>
	
	<!-- 字段 -->
	<sql id="Field">
		FENGXIAN_ID,	
		ISDEL,	
		SORT,	
		CREATER,	
		CREATE_DATE,	
		MODIFYER,	
		MODIFY_DATE,	
		SECOND_UNIT,	
		THIRD_UNIT,	
		FENGXIAN_ADDRESS,	
		FENGXIAN_AREA,	
		FENGXIAN_HAZARD,	
		FENGXIAN_ACCIDENT_TYPE,	
		FENGXIAN_LEVEL,	
		CONTROL_MEASURE,	
		EMERGENCY_MEASURE,	
		HAZARD_DURATION,	
		MANAGEMENT_LEVEL,	
		RESPONSIBILITY UNIT,	
		RESPONSIBILITY_PEPOLE,	
		RESPONSIBILITY_PHONE,	
		RECOGNITION TIME,	
		DURANTION_CIRCLE,	
		M_FENGXIAN_ID
	</sql>
	
	<!-- 字段值 -->
	<sql id="FieldValue">
		#{FENGXIAN_ID},	
		#{ISDEL},	
		#{SORT},	
		#{CREATER},	
		#{CREATE_DATE},	
		#{MODIFYER},	
		#{MODIFY_DATE},	
		#{SECOND_UNIT},	
		#{THIRD_UNIT},	
		#{FENGXIAN_ADDRESS},	
		#{FENGXIAN_AREA},	
		#{FENGXIAN_HAZARD},	
		#{FENGXIAN_ACCIDENT_TYPE},	
		#{FENGXIAN_LEVEL},	
		#{CONTROL_MEASURE},	
		#{EMERGENCY_MEASURE},	
		#{HAZARD_DURATION},	
		#{MANAGEMENT_LEVEL},	
		#{RESPONSIBILITY UNIT},	
		#{RESPONSIBILITY_PEPOLE},	
		#{RESPONSIBILITY_PHONE},	
		#{RECOGNITION TIME},	
		#{DURANTION_CIRCLE},	
		#{M_FENGXIAN_ID}
	</sql>
	
	<!-- 新增-->
	<insert id="save" parameterType="pd">
		insert into 
	<include refid="tableName"></include>
		(
	<include refid="Field"></include>
		) values (
	<include refid="FieldValue"></include>
		)
	</insert>
	
	<!-- 删除-->
	<delete id="delete" parameterType="pd">
		delete from
		<include refid="tableName"></include>
		where 
			M_FENGXIAN_ID = #{M_FENGXIAN_ID}
	</delete>
	
	<!-- 修改 -->
	<update id="edit" parameterType="pd">
		update
		<include refid="tableName"></include>
		set 
			FENGXIAN_ID = #{FENGXIAN_ID},
			ISDEL = #{ISDEL},
			SORT = #{SORT},
			CREATER = #{CREATER},
			CREATE_DATE = #{CREATE_DATE},
			MODIFYER = #{MODIFYER},
			MODIFY_DATE = #{MODIFY_DATE},
			SECOND_UNIT = #{SECOND_UNIT},
			THIRD_UNIT = #{THIRD_UNIT},
			FENGXIAN_ADDRESS = #{FENGXIAN_ADDRESS},
			FENGXIAN_AREA = #{FENGXIAN_AREA},
			FENGXIAN_HAZARD = #{FENGXIAN_HAZARD},
			FENGXIAN_ACCIDENT_TYPE = #{FENGXIAN_ACCIDENT_TYPE},
			FENGXIAN_LEVEL = #{FENGXIAN_LEVEL},
			CONTROL_MEASURE = #{CONTROL_MEASURE},
			EMERGENCY_MEASURE = #{EMERGENCY_MEASURE},
			HAZARD_DURATION = #{HAZARD_DURATION},
			MANAGEMENT_LEVEL = #{MANAGEMENT_LEVEL},
			RESPONSIBILITY UNIT = #{RESPONSIBILITY UNIT},
			RESPONSIBILITY_PEPOLE = #{RESPONSIBILITY_PEPOLE},
			RESPONSIBILITY_PHONE = #{RESPONSIBILITY_PHONE},
			RECOGNITION TIME = #{RECOGNITION TIME},
			DURANTION_CIRCLE = #{DURANTION_CIRCLE},
		M_FENGXIAN_ID = M_FENGXIAN_ID
		where 
		M_FENGXIAN_ID = #{M_FENGXIAN_ID}
	</update>
	
	<!-- 通过ID获取数据 -->
	<select id="findById" parameterType="pd" resultType="pd">
		select 
		<include refid="Field"></include>
		from 
		<include refid="tableName"></include>
		where 
			M_FENGXIAN_ID = #{M_FENGXIAN_ID}
	</select>
	
	<!-- 列表 -->
	<select id="datalistPage" parameterType="page" resultType="pd">
		select
		<include refid="Field"></include>
		from 
		<include refid="tableName"></include>
		where 1=1
		<if test="pd.keywords!= null and pd.keywords != ''"><!-- 关键词检索 -->
			and
				(
				<!--	根据需求自己加检索条件
					字段1 LIKE CONCAT(CONCAT('%', #{pd.keywords}),'%')
					 or 
					字段2 LIKE CONCAT(CONCAT('%', #{pd.keywords}),'%') 
				-->
				)
		</if>
	</select>
	
	<!-- 列表(全部) -->
	<select id="listAll" parameterType="pd" resultType="pd">
		select
		<include refid="Field"></include>
		from 
		<include refid="tableName"></include>
	</select>
	
	<!-- 批量删除 -->
	<delete id="deleteAll" parameterType="String">
		delete from
		<include refid="tableName"></include>
		where 
			M_FENGXIAN_ID in
		<foreach item="item" index="index" collection="array" open="(" separator="," close=")">
                 #{item}
		</foreach>
	</delete>
	
	<!-- fh313596790qq(青苔) -->
</mapper>