<?xml version="1.0" encoding="UTF-8"?>
<!DOCTYPE mapper PUBLIC "-//mybatis.org//DTD Mapper 3.0//EN" "http://mybatis.org/dtd/mybatis-3-mapper.dtd">
<mapper namespace="M_project_idMapper">

	<resultMap type="M_project_id" id="m_project_idResultMap">
		<result column="M_PROJECT_ORG" property="M_PROJECT_ORG"/>
		<result column="PROJECT_ID" property="PROJECT_ID"/>
		<result column="ORG_ID" property="ORG_ID"/>
	</resultMap>
	
	<!--表名 -->
	<sql id="tableName">
		M_PROJECT_ID
	</sql>
	
	<!-- 字段 -->
	<sql id="Field">
         M_PROJECT_ORG,
         PROJECT_ID,
         ORG_ID
	</sql>
	
	<!-- 字段值 -->
	<sql id="FieldValue">
         #{M_PROJECT_ORG},
         #{PROJECT_ID},
         #{ORG_ID}
	</sql>
	
	<!-- 新增-->
	<insert id="save" parameterType="pd">
		insert into 
	<include refid="tableName"></include>
		(
	<include refid="Field"></include>
		) values (
	<include refid="FieldValue"></include>
		)
	</insert>
	
	<!-- 删除-->
	<delete id="delete" parameterType="pd">
		update
		<include refid="tableName"></include>
		set 
		 ISDEL = 1,
		 MODIFYER = #{MODIFYER},
		 MODIFY_DATE = #{MODIFY_DATE}
		where 
			M_PROJECT_ID_ID = #{M_PROJECT_ID_ID}
	</delete>
	
	<!-- 修改 -->
	<update id="edit" parameterType="pd">
		update
		<include refid="tableName"></include>
		set 
         M_PROJECT_ORG = #{M_PROJECT_ORG},
         PROJECT_ID = #{PROJECT_ID},
         ORG_ID = #{ORG_ID},
	     MODIFYER = #{MODIFYER},
		 MODIFY_DATE = #{MODIFY_DATE}
	        where 
				M_PROJECT_ID_ID = #{M_PROJECT_ID_ID}
	</update>
	
	<!-- 通过ID获取数据 -->
	<select id="findById" parameterType="pd" resultType="pd">
		select 
		<include refid="Field"></include>
		from 
		<include refid="tableName"></include>
		where ISDEL =0 and
			M_PROJECT_ID_ID = #{M_PROJECT_ID_ID}
	</select>
	
	<!-- 列表 -->
	<select id="datalistPage" parameterType="page" resultType="pd">
		select
		<include refid="Field"></include>
		from 
		<include refid="tableName"></include>
		where ISDEL =0 
		<if test="pd.keywords!= null and pd.keywords != ''"><!-- 关键词检索 -->
			and
				(
				<!--	根据需求自己加检索条件-->
					字段1 LIKE CONCAT(CONCAT('%', #{pd.keywords}),'%')
					 or 
					字段2 LIKE CONCAT(CONCAT('%', #{pd.keywords}),'%') 
				
				)
		</if>
	</select>
	
	<!-- 列表(全部) -->
	<select id="listAll" parameterType="pd" resultType="pd">
		select
		<include refid="Field"></include>
		from 
		<include refid="tableName"></include>
		where ISDEL =0 
	</select>
	
	<!-- 批量删除 -->
	<delete id="deleteAll" parameterType="String">
		update
		<include refid="tableName"></include>
		set 
		 ISDEL = 1
		where 
			M_PROJECT_ID_ID in
		<foreach item="item" index="index" collection="array" open="(" separator="," close=")">
                 #{item}
		</foreach>
	</delete>
	
	<!-- 查询明细总数 -->
	<select id="findCount" parameterType="pd" resultType="pd">
		select
			count(*) zs
		from 
			<include refid="tableName"></include>
		where ISDEL =0 
	</select>

</mapper>