<?xml version="1.0" encoding="UTF-8"?>
<!DOCTYPE mapper PUBLIC "-//mybatis.org//DTD Mapper 3.0//EN" "http://mybatis.org/dtd/mybatis-3-mapper.dtd">
<mapper namespace="M_fengxianMapper">

	<resultMap type="M_fengxian" id="m_fengxianResultMap">
		<result column="FENGXIAN_ID" property="FENGXIAN_ID"/>
		<result column="ISDEL" property="ISDEL"/>
		<result column="SORT" property="SORT"/>
		<result column="CREATER" property="CREATER"/>
		<result column="CREATE_DATE" property="CREATE_DATE"/>
		<result column="MODIFYER" property="MODIFYER"/>
		<result column="MODIFY_DATE" property="MODIFY_DATE"/>
		<result column="SECOND_UNIT" property="SECOND_UNIT"/>
		<result column="THIRD_UNIT" property="THIRD_UNIT"/>
		<result column="FENGXIAN_ADDRESS" property="FENGXIAN_ADDRESS"/>
		<result column="FENGXIAN_AREA" property="FENGXIAN_AREA"/>
		<result column="FENGXIAN_HAZARD" property="FENGXIAN_HAZARD"/>
		<result column="FENGXIAN_ACCIDENT_TYPE" property="FENGXIAN_ACCIDENT_TYPE"/>
		<result column="FENGXIAN_LEVEL" property="FENGXIAN_LEVEL"/>
		<result column="CONTROL_MEASURE" property="CONTROL_MEASURE"/>
		<result column="EMERGENCY_MEASURE" property="EMERGENCY_MEASURE"/>
		<result column="HAZARD_DURATION" property="HAZARD_DURATION"/>
		<result column="MANAGEMENT_LEVEL" property="MANAGEMENT_LEVEL"/>
		<result column="RESPONSIBILITY UNIT" property="RESPONSIBILITY UNIT"/>
		<result column="RESPONSIBILITY_PEPOLE" property="RESPONSIBILITY_PEPOLE"/>
		<result column="RESPONSIBILITY_PHONE" property="RESPONSIBILITY_PHONE"/>
		<result column="RECOGNITION TIME" property="RECOGNITION TIME"/>
		<result column="DURANTION_CIRCLE" property="DURANTION_CIRCLE"/>
	</resultMap>
	
	<!--表名 -->
	<sql id="tableName">
		M_FENGXIAN
	</sql>
	
	<!-- 字段 -->
	<sql id="Field">
         FENGXIAN_ID,
         ISDEL,
         SORT,
         CREATER,
         CREATE_DATE,
         MODIFYER,
         MODIFY_DATE,
         SECOND_UNIT,
         THIRD_UNIT,
         FENGXIAN_ADDRESS,
         FENGXIAN_AREA,
         FENGXIAN_HAZARD,
         FENGXIAN_ACCIDENT_TYPE,
         FENGXIAN_LEVEL,
         CONTROL_MEASURE,
         EMERGENCY_MEASURE,
         HAZARD_DURATION,
         MANAGEMENT_LEVEL,
         RESPONSIBILITY UNIT,
         RESPONSIBILITY_PEPOLE,
         RESPONSIBILITY_PHONE,
         RECOGNITION TIME,
         DURANTION_CIRCLE
	</sql>
	
	<!-- 字段值 -->
	<sql id="FieldValue">
         #{FENGXIAN_ID},
         #{ISDEL},
         #{SORT},
         #{CREATER},
         #{CREATE_DATE},
         #{MODIFYER},
         #{MODIFY_DATE},
         #{SECOND_UNIT},
         #{THIRD_UNIT},
         #{FENGXIAN_ADDRESS},
         #{FENGXIAN_AREA},
         #{FENGXIAN_HAZARD},
         #{FENGXIAN_ACCIDENT_TYPE},
         #{FENGXIAN_LEVEL},
         #{CONTROL_MEASURE},
         #{EMERGENCY_MEASURE},
         #{HAZARD_DURATION},
         #{MANAGEMENT_LEVEL},
         #{RESPONSIBILITY UNIT},
         #{RESPONSIBILITY_PEPOLE},
         #{RESPONSIBILITY_PHONE},
         #{RECOGNITION TIME},
         #{DURANTION_CIRCLE}
	</sql>
	
	<!-- 新增-->
	<insert id="save" parameterType="pd">
		insert into 
	<include refid="tableName"></include>
		(
	<include refid="Field"></include>
		) values (
	<include refid="FieldValue"></include>
		)
	</insert>
	
	<!-- 删除-->
	<delete id="delete" parameterType="pd">
		update
		<include refid="tableName"></include>
		set 
		 ISDEL = 1,
		 MODIFYER = #{MODIFYER},
		 MODIFY_DATE = #{MODIFY_DATE}
		where 
			M_FENGXIAN_ID = #{M_FENGXIAN_ID}
	</delete>
	
	<!-- 修改 -->
	<update id="edit" parameterType="pd">
		update
		<include refid="tableName"></include>
		set 
         FENGXIAN_ID = #{FENGXIAN_ID},
         ISDEL = #{ISDEL},
         SORT = #{SORT},
         CREATER = #{CREATER},
         CREATE_DATE = #{CREATE_DATE},
         MODIFYER = #{MODIFYER},
         MODIFY_DATE = #{MODIFY_DATE},
         SECOND_UNIT = #{SECOND_UNIT},
         THIRD_UNIT = #{THIRD_UNIT},
         FENGXIAN_ADDRESS = #{FENGXIAN_ADDRESS},
         FENGXIAN_AREA = #{FENGXIAN_AREA},
         FENGXIAN_HAZARD = #{FENGXIAN_HAZARD},
         FENGXIAN_ACCIDENT_TYPE = #{FENGXIAN_ACCIDENT_TYPE},
         FENGXIAN_LEVEL = #{FENGXIAN_LEVEL},
         CONTROL_MEASURE = #{CONTROL_MEASURE},
         EMERGENCY_MEASURE = #{EMERGENCY_MEASURE},
         HAZARD_DURATION = #{HAZARD_DURATION},
         MANAGEMENT_LEVEL = #{MANAGEMENT_LEVEL},
         RESPONSIBILITY UNIT = #{RESPONSIBILITY UNIT},
         RESPONSIBILITY_PEPOLE = #{RESPONSIBILITY_PEPOLE},
         RESPONSIBILITY_PHONE = #{RESPONSIBILITY_PHONE},
         RECOGNITION TIME = #{RECOGNITION TIME},
         DURANTION_CIRCLE = #{DURANTION_CIRCLE},
	     MODIFYER = #{MODIFYER},
		 MODIFY_DATE = #{MODIFY_DATE}
	        where 
				M_FENGXIAN_ID = #{M_FENGXIAN_ID}
	</update>
	
	<!-- 通过ID获取数据 -->
	<select id="findById" parameterType="pd" resultType="pd">
		select 
		<include refid="Field"></include>
		from 
		<include refid="tableName"></include>
		where ISDEL =0 and
			M_FENGXIAN_ID = #{M_FENGXIAN_ID}
	</select>
	
	<!-- 列表 -->
	<select id="datalistPage" parameterType="page" resultType="pd">
		select
		<include refid="Field"></include>
		from 
		<include refid="tableName"></include>
		where ISDEL =0 
		<if test="pd.keywords!= null and pd.keywords != ''"><!-- 关键词检索 -->
			and
				(
				<!--	根据需求自己加检索条件-->
					字段1 LIKE CONCAT(CONCAT('%', #{pd.keywords}),'%')
					 or 
					字段2 LIKE CONCAT(CONCAT('%', #{pd.keywords}),'%') 
				
				)
		</if>
	</select>
	
	<!-- 列表(全部) -->
	<select id="listAll" parameterType="pd" resultType="pd">
		select
		<include refid="Field"></include>
		from 
		<include refid="tableName"></include>
		where ISDEL =0 
	</select>
	
	<!-- 批量删除 -->
	<delete id="deleteAll" parameterType="String">
		update
		<include refid="tableName"></include>
		set 
		 ISDEL = 1
		where 
			M_FENGXIAN_ID in
		<foreach item="item" index="index" collection="array" open="(" separator="," close=")">
                 #{item}
		</foreach>
	</delete>
	
	<!-- 查询明细总数 -->
	<select id="findCount" parameterType="pd" resultType="pd">
		select
			count(*) zs
		from 
			<include refid="tableName"></include>
		where ISDEL =0 
	</select>

</mapper>